firstname,lastname,source_airport,dest_airport,requested_class,assigned_class,npass
Sean,Foster,MSP,JFK,business,business,5
Jimmy,Owen,MSP,JFK,first,first,8
Harold,Garza,MSP,JFK,first,first,5
Brett,Ellis,MSP,JFK,first,first,8
Gene,McCoy,MSP,JFK,economy,economy,2
Norman,Bell,MSP,JFK,economy,economy,10
Roxie,Silva,MSP,JFK,first,first,8
Jeffery,Watson,MSP,JFK,economy,economy,2
Cory,Saunders,MSP,JFK,economy,economy,3
Frank,Perez,PHL,MDW,economy,economy,7
Kathryn,Collier,PHL,MDW,business,business,6
Amelia,Henry,PHL,MDW,business,business,6
Marcus,Roy,PHL,MDW,economy,economy,9
Winnie,Bates,PHL,MDW,economy,economy,8
Iva,Wise,PHL,MDW,first,first,2
Ernest,Bridges,PHL,MDW,first,first,1
Ora,Perez,PHL,MDW,economy,economy,5
Jack,Graham,PHL,MDW,business,business,5
Hallie,Martinez,PHL,MDW,business,business,9
Mable,Buchanan,PHL,MDW,economy,economy,5
Nancy,Fuller,PHL,MDW,first,first,2
Edith,Osborne,PHL,MDW,business,business,3
Janet,Watson,IAD,MIA,economy,economy,5
Lizzie,Bates,IAD,MIA,first,first,4
Walter,Bridges,IAD,MIA,first,first,8
Douglas,Mann,IAD,MIA,first,first,3
Alvin,Cox,IAD,MIA,economy,economy,3
Teresa,Guerrero,IAD,MIA,economy,economy,10
Bill,Nash,IAD,MIA,economy,economy,10
Teresa,McBride,IAD,MIA,business,business,3
Francis,Greene,IAD,MIA,first,first,5
Grace,Casey,IAD,MIA,first,first,1
Arthur,Summers,IAD,MIA,business,business,1
Clarence,Hubbard,IAD,MIA,first,first,7
Genevieve,Quinn,IAD,MIA,business,business,10
Chad,Glover,IAD,MIA,economy,economy,8
Shane,James,IAD,MIA,first,first,10
Sue,Grant,IAD,MIA,economy,economy,1
Jack,Martinez,SAN,EWR,business,business,9
Antonio,Becker,SAN,EWR,business,business,4
Estella,Crawford,SAN,EWR,economy,economy,2
Ernest,Parker,SAN,EWR,business,business,9
Jerome,Santiago,SAN,EWR,economy,economy,6
Hester,Drake,SAN,EWR,first,first,1
Lela,Wong,SAN,EWR,business,business,3
Gregory,Potter,SAN,EWR,business,business,10
Sara,Miles,SAN,EWR,first,first,6
Mable,Taylor,SAN,EWR,economy,economy,7
Flora,Joseph,SAN,EWR,first,first,4
Adelaide,McCormick,SAN,EWR,first,first,3
Georgia,Bell,SAN,EWR,economy,economy,2
Gary,Lopez,SAN,EWR,first,first,10
Christian,Webb,SAN,EWR,business,business,8
Craig,Henderson,DCA,MSP,first,first,1
Willie,Barnes,DCA,MSP,economy,economy,1
Sally,Byrd,DCA,MSP,business,business,1
Polly,Craig,DCA,MSP,first,first,2
Jordan,Joseph,DCA,MSP,first,first,10
Kathleen,Davis,LAS,FLL,business,business,10
Elva,Austin,LAS,FLL,business,business,5
Connor,Peterson,LAS,FLL,business,business,10
Jordan,Murray,LAS,FLL,first,first,4
Sophie,West,LAS,FLL,first,first,4
Ollie,Bishop,LAS,FLL,first,first,4
Russell,Love,LAS,FLL,economy,economy,1
Mina,Collier,LAS,FLL,economy,economy,3
Thomas,Herrera,LAS,FLL,business,business,1
Earl,Gonzales,EWR,ATL,business,business,5
Cynthia,Harrison,EWR,ATL,business,business,3
Richard,Cruz,EWR,ATL,first,first,5
Lenora,Fletcher,EWR,ATL,business,business,6
Ivan,Little,EWR,ATL,economy,economy,5
Mabelle,Weber,EWR,ATL,business,business,10
Susan,Berry,EWR,ATL,business,business,4
Cordelia,Walsh,EWR,ATL,business,business,8
Julia,Wright,EWR,ATL,economy,economy,2
Clifford,Sutton,EWR,ATL,economy,economy,7
Billy,Payne,EWR,ATL,economy,economy,6
Lawrence,Reynolds,EWR,ATL,first,first,5
Irene,Byrd,EWR,ATL,economy,economy,8
Johanna,Fowler,EWR,ATL,first,first,2
Julia,Kelly,EWR,ATL,first,first,10
Jimmy,McKinney,EWR,ATL,first,first,8
Rachel,Thomas,BWI,IAH,business,business,2
Matilda,White,BWI,IAH,economy,economy,5
Mable,Curry,BWI,IAH,economy,economy,9
Sarah,Obrien,BWI,IAH,economy,economy,6
Herman,Jacobs,BWI,IAH,first,first,10
Bernard,Rodriquez,BWI,IAH,first,first,9
Lillie,Arnold,BWI,IAH,economy,economy,1
Julia,Jackson,FLL,PHL,economy,economy,1
Elmer,Greene,FLL,PHL,first,first,10
Virginia,Porter,FLL,PHL,business,business,10
Martha,Ford,FLL,PHL,first,first,9
Michael,Nash,FLL,PHL,economy,economy,3
Marcus,Atkins,FLL,PHL,business,business,3
Allen,Meyer,FLL,PHL,first,first,1
Antonio,Harvey,FLL,PHL,economy,economy,5
Mario,Gilbert,FLL,PHL,business,business,2
Kyle,Blair,FLL,PHL,business,business,6
Gilbert,Clayton,FLL,PHL,economy,economy,4
Catherine,Moreno,FLL,PHL,first,first,9
Fred,Rhodes,FLL,PHL,business,business,9
Nettie,Turner,FLL,PHL,first,first,2
Frank,Dunn,FLL,PHL,first,first,10
Allie,Brown,FLL,PHL,economy,economy,4
Vera,Haynes,FLL,PHL,economy,economy,4
Marguerite,Zimmerman,FLL,PHL,business,business,7
Cody,Glover,FLL,PHL,first,business,6
Timothy,Patterson,ORD,HNL,economy,economy,1
Gussie,Mathis,ORD,HNL,first,first,3
Dustin,Garza,ORD,HNL,business,business,8
Aaron,Holmes,ORD,HNL,economy,economy,1
Bessie,Flowers,ORD,HNL,economy,economy,1
Andrew,Huff,ORD,HNL,first,first,5
Lora,Adams,ORD,HNL,economy,economy,6
Elizabeth,Porter,ORD,HNL,economy,economy,10
Isaac,Horton,ORD,HNL,first,first,3
Millie,Woods,ORD,HNL,first,first,1
Donna,Hill,TPA,IAH,first,first,6
Allen,Burgess,TPA,IAH,business,business,6
Emily,Walters,TPA,IAH,business,business,10
Todd,Hale,TPA,IAH,economy,economy,6
Ella,Hernandez,TPA,IAH,business,business,10
Roger,Bennett,TPA,IAH,first,first,10
Gerald,Burns,TPA,IAH,business,business,2
Michael,Romero,TPA,IAH,business,business,4
Oscar,Nguyen,TPA,IAH,business,business,10
Adeline,Harrison,TPA,IAH,economy,economy,7
Lewis,Harrington,TPA,IAH,business,business,5
Betty,Maxwell,TPA,IAH,business,business,8
Calvin,Wheeler,TPA,IAH,business,business,3
Clarence,Flores,LGA,CLT,first,first,2
Vincent,Fields,LGA,CLT,economy,economy,8
Jesse,Tran,LGA,CLT,first,first,6
Aaron,Bates,LGA,CLT,business,business,10
Betty,Phelps,LGA,CLT,first,first,6
Henrietta,Young,LGA,CLT,first,first,8
Juan,Vaughn,LGA,CLT,economy,economy,8
Flora,Mitchell,LGA,CLT,economy,economy,2
Glen,Nelson,LGA,CLT,first,first,1
Cora,Chandler,LGA,CLT,economy,economy,1
Emma,Greer,LGA,CLT,economy,economy,9
Helen,Wong,LGA,CLT,first,first,8
Lois,Blake,LGA,CLT,first,first,4
Nicholas,Cross,LGA,CLT,business,business,10
Jerry,Hale,LGA,CLT,business,business,2
Leon,Lucas,LGA,CLT,first,first,5
Ruth,Daniels,LGA,CLT,first,business,7
Adrian,Quinn,LGA,CLT,first,business,2
Amanda,Nichols,LGA,CLT,first,business,9
Gloria,Brooks,LAS,SLC,business,business,4
Beulah,Garner,LAS,SLC,business,business,1
David,Schultz,LAS,SLC,economy,economy,10
Jeanette,Miller,LAS,SLC,economy,economy,7
Luella,Andrews,LAS,SLC,business,business,2
Leon,Fuller,LAS,SLC,economy,economy,3
Cordelia,Young,LAS,SLC,first,first,7
Emily,Simpson,LAS,SLC,economy,economy,5
Douglas,Fields,LAS,SLC,business,business,9
Iva,Willis,LAS,SLC,economy,economy,9
Cameron,Cole,LAS,SLC,economy,economy,8
Ann,Patterson,LAS,SLC,business,business,4
Larry,Mullins,LAS,SLC,first,first,5
Carrie,Baker,LAS,SLC,business,business,7
Todd,Evans,BWI,PDX,economy,economy,4
Edith,Butler,BWI,PDX,business,business,3
Antonio,Cain,BWI,PDX,economy,economy,3
Jeff,Conner,BWI,PDX,business,business,7
Randy,Andrews,BWI,PDX,economy,economy,1
Lucille,Vargas,BWI,PDX,economy,economy,8
Sharon,Griffin,PDX,EWR,economy,economy,2
Leah,Horton,PDX,EWR,first,first,1
Gene,Osborne,PDX,EWR,first,first,6
Jeffery,Padilla,PDX,EWR,first,first,10
Lelia,Nunez,PDX,EWR,economy,economy,8
Don,Alvarez,PDX,EWR,business,business,8
Linda,Garcia,MCO,MDW,economy,economy,5
Fannie,Grant,MCO,MDW,first,first,10
Ricky,Fleming,MCO,MDW,first,first,7
Annie,Burgess,MCO,MDW,business,business,8
Evelyn,Aguilar,MCO,MDW,economy,economy,8
Lloyd,Fleming,MCO,MDW,business,business,10
Robert,Valdez,MCO,MDW,economy,economy,6
Adele,Dawson,MCO,MDW,first,first,1
Jon,Carroll,MCO,MDW,first,first,3
Catherine,Hernandez,DTW,ATL,first,first,9
Adam,Strickland,DTW,ATL,economy,economy,3
Alfred,Underwood,DTW,ATL,business,business,5
Claudia,George,DTW,ATL,business,business,10
Lilly,Bradley,DTW,ATL,business,business,5
Lenora,Abbott,DTW,ATL,business,business,10
Eric,Hubbard,DTW,ATL,business,business,10
Alma,Bailey,DTW,ATL,business,business,1
Max,Franklin,DTW,ATL,business,business,10
Carlos,Henry,DTW,ATL,first,first,7
Jacob,Bowman,DTW,ATL,first,first,6
Virgie,Hardy,DTW,ATL,economy,economy,2
Georgia,Cook,DTW,ATL,business,business,6
Steve,Richardson,BWI,PHX,economy,economy,4
Tyler,Burgess,BWI,PHX,economy,economy,7
Tommy,Little,BWI,PHX,first,first,9
Maud,Walters,BWI,PHX,first,first,2
Clara,Sutton,BWI,PHX,business,business,4
Lizzie,Gibbs,BWI,PHX,first,first,10
Norman,Guzman,BWI,PHX,first,first,4
Victor,Andrews,BWI,PHX,economy,economy,7
Lloyd,Mitchell,BWI,PHX,business,business,5
Matilda,Schneider,BWI,PHX,business,business,8
Theresa,Carter,BWI,PHX,first,first,2
Lillie,Fernandez,BWI,PHX,first,first,3
Frances,Sandoval,BWI,PHX,business,business,7
Darrell,Pope,BWI,PHX,business,business,9
Andrew,Gonzalez,BWI,PHX,business,business,6
Jeff,Hopkins,BWI,PHX,first,first,1
Mildred,Simpson,BWI,PHX,economy,economy,8
Rose,Sanchez,IAH,MCO,first,first,7
Derrick,Hampton,IAH,MCO,business,business,7
Ronnie,Christensen,IAH,MCO,economy,economy,8
Theodore,Miller,IAH,MCO,first,first,2
Billy,Castro,IAH,MCO,business,business,6
Minerva,Mendoza,IAH,MCO,business,business,2
Troy,Frank,IAH,MCO,first,first,9
Kevin,Young,EWR,IAH,economy,economy,10
Christian,Pena,EWR,IAH,business,business,6
Jane,Warren,EWR,IAH,economy,economy,9
Teresa,Fuller,EWR,IAH,business,business,5
Ida,Webster,EWR,IAH,first,first,8
Hattie,Lambert,EWR,IAH,business,business,2
Mattie,Hayes,EWR,IAH,economy,economy,3
Mitchell,Christensen,EWR,IAH,first,first,8
Nelle,Johnston,EWR,IAH,economy,economy,2
Ruth,Carlson,EWR,IAH,first,first,2
Jonathan,Brady,EWR,IAH,first,first,3
William,Cain,EWR,IAH,economy,economy,3
Chase,Nash,EWR,IAH,business,business,7
Sarah,Paul,EWR,IAH,business,business,7
Heather,White,PHL,MCO,economy,economy,5
Abbie,McKinney,PHL,MCO,business,business,8
Stella,Steele,PHL,MCO,economy,economy,5
Caroline,Gonzalez,PHL,MCO,first,first,5
Esther,Abbott,PHL,MCO,business,business,7
Floyd,Bates,PHL,MCO,business,business,1
Mark,Fernandez,PHL,MCO,economy,economy,7
Joe,Rhodes,PHL,MCO,business,business,1
Roger,Price,TPA,DCA,economy,economy,8
Florence,Padilla,TPA,DCA,economy,economy,5
Alvin,Benson,TPA,DCA,first,first,5
Herman,Barnes,TPA,DCA,first,first,10
Clarence,James,TPA,DCA,business,business,9
Gene,Brown,TPA,DCA,first,first,4
Doris,Jones,SEA,DEN,economy,economy,0
Eddie,Meyer,SEA,DEN,economy,economy,7
Lula,Baldwin,SEA,DEN,first,first,4
Keith,Jensen,SEA,DEN,business,business,9
Clayton,Reyes,SEA,DEN,economy,economy,1
Allie,Perez,SEA,DEN,economy,economy,7
Janie,Johnson,SEA,DEN,first,first,6
Alfred,Miles,SEA,DEN,economy,economy,9
Georgia,Robertson,SEA,DEN,first,first,3
Allie,Haynes,SEA,DEN,business,business,1
Willie,Butler,IAH,PDX,first,first,10
Christopher,Edwards,IAH,PDX,business,business,1
Myra,Flores,IAH,PDX,first,first,7
Nellie,Reid,IAH,PDX,first,first,3
Eugenia,Strickland,IAH,PDX,first,first,10
Melvin,May,IAH,PDX,economy,economy,6
Mittie,Sherman,IAH,PDX,business,business,4
Hannah,Coleman,IAH,PDX,first,first,6
Douglas,Frank,IAH,PDX,business,business,2
Jeff,Hall,IAH,PDX,first,first,1
Johnny,Parks,IAH,PDX,business,business,1
Josephine,Tyler,IAH,PDX,business,business,8
Adelaide,Rhodes,IAH,PDX,business,business,3
Willie,Thomas,IAH,PDX,first,business,9
Amanda,Williams,SEA,MCO,first,first,6
Katharine,Hanson,SEA,MCO,first,first,7
Rodney,Murphy,SEA,MCO,first,first,2
Darrell,Adkins,SEA,MCO,economy,economy,2
Evelyn,Atkins,SEA,MCO,business,business,10
Bertie,Moss,SEA,MCO,first,first,9
Gertrude,Warner,SEA,MCO,economy,economy,7
Harriet,Parks,SEA,MCO,business,business,4
Christine,King,PHX,PHL,business,business,7
Bryan,Foster,PHX,PHL,business,business,10
Theresa,Horton,PHX,PHL,first,first,6
Dorothy,Perez,PHX,PHL,economy,economy,10
Nelle,Thomas,PHX,PHL,economy,economy,9
Adeline,Ball,PHX,PHL,economy,economy,4
Ernest,Bell,DEN,PDX,economy,economy,3
Donald,Green,DEN,PDX,economy,economy,1
Phoebe,Pittman,DEN,PDX,business,business,9
Warren,Hammond,DEN,PDX,first,first,3
Lewis,Cox,DEN,PDX,business,business,8
Derek,Powell,DEN,PDX,first,first,3
Caleb,McGee,DEN,PDX,economy,economy,10
Katherine,Haynes,DEN,PDX,first,first,3
Celia,Swanson,DEN,PDX,first,first,10
Phyllis,Allen,BWI,BOS,economy,economy,10
Mable,Wolfe,BWI,BOS,first,first,1
Lucille,Atkins,BWI,BOS,economy,economy,5
Callie,Graham,BWI,BOS,first,first,7
Stanley,Lawson,BWI,BOS,business,business,4
Francis,Harmon,BWI,BOS,first,first,1
Leon,Phelps,BWI,BOS,business,business,4
Douglas,Schwartz,BWI,BOS,economy,economy,2
Glen,Lyons,BWI,BOS,business,business,9
Anne,Powers,BWI,BOS,economy,economy,6
Nicole,Gonzalez,HNL,SFO,economy,economy,4
Bradley,Cooper,HNL,SFO,business,business,10
Dorothy,Richardson,HNL,SFO,first,first,3
Jim,Rose,HNL,SFO,business,business,5
Micheal,Walton,HNL,SFO,economy,economy,2
Michael,Hansen,HNL,SFO,first,first,5
Eula,Sanchez,HNL,SFO,first,first,10
Emily,Douglas,HNL,SFO,business,business,2
Carolyn,Wilson,HNL,SFO,economy,economy,7
Bryan,Tyler,HNL,SFO,first,first,10
Lily,Price,HNL,SFO,business,business,5
Tillie,Ford,HNL,SFO,first,first,6
Estelle,Stevenson,HNL,SFO,business,business,2
Carrie,Wheeler,HNL,SFO,first,first,7
Georgia,Fitzgerald,HNL,SFO,first,business,6
Marilyn,Roberts,ORD,MDW,first,first,2
Allen,Bishop,ORD,MDW,business,business,10
Christopher,Hopkins,ORD,MDW,economy,economy,1
Mayme,Paul,ORD,MDW,economy,economy,6
Ricky,Powers,ORD,MDW,economy,economy,7
Marion,Carter,ORD,MDW,business,business,1
Georgia,Dunn,ORD,MDW,business,business,8
Antonio,Martin,ORD,MDW,economy,economy,6
Curtis,Austin,ORD,MDW,economy,economy,3
John,Poole,ORD,MDW,business,business,1
Derek,Newman,ORD,MDW,economy,economy,7
Brandon,Cummings,ORD,MDW,business,business,7
Corey,Gomez,ORD,MDW,economy,economy,3
Dorothy,Simmons,MCO,IAD,business,business,8
Leona,Ferguson,MCO,IAD,economy,economy,6
Lida,Greene,MCO,IAD,first,first,3
Cynthia,Miller,MCO,IAD,economy,economy,5
Albert,Bowers,MCO,IAD,first,first,7
Annie,Hughes,MCO,IAD,first,first,9
Paula,Turner,MCO,IAD,business,business,10
Gary,Jensen,MCO,IAD,economy,economy,1
Nina,Simon,MCO,IAD,business,business,3
Kyle,Griffin,MCO,IAD,economy,economy,1
Shawn,Adams,MCO,IAD,business,business,5
Abbie,Cross,MCO,IAD,business,business,10
Andre,Sims,MCO,IAD,business,business,5
Shirley,Brown,DCA,SLC,economy,economy,4
Leonard,McBride,DCA,SLC,first,first,5
Kyle,Richardson,DCA,SLC,business,business,8
Travis,Weber,DCA,SLC,first,first,6
Cameron,Fisher,DCA,SLC,economy,economy,2
Benjamin,McGuire,DCA,SLC,economy,economy,4
Laura,Maldonado,DCA,SLC,business,business,10
Todd,Peters,DCA,SLC,economy,economy,9
Catherine,Ruiz,DCA,SLC,economy,economy,10
Mildred,Taylor,DCA,SLC,first,first,10
Cecelia,Daniels,DCA,SLC,economy,economy,10
Ella,Fox,DCA,SLC,first,first,3
Floyd,Henderson,DCA,SLC,business,business,9
Danny,Steele,DCA,SLC,economy,economy,2
Ann,Rodriguez,IAH,JFK,business,business,3
Mark,Williams,IAH,JFK,economy,economy,5
Pauline,Massey,IAH,JFK,business,business,9
Samuel,Hanson,IAH,JFK,economy,economy,5
Eleanor,Sullivan,IAH,JFK,first,first,6
Curtis,Farmer,IAH,JFK,first,first,5
Ethel,Manning,IAH,JFK,first,first,5
Julian,Ward,IAH,JFK,first,first,7
Marion,Flores,IAH,JFK,economy,economy,7
Randall,Garza,IAH,JFK,economy,economy,6
Laura,Taylor,IAH,JFK,economy,economy,4
Kathy,Bryant,SEA,LAX,business,business,9
Warren,Hines,SEA,LAX,first,first,10
Lura,Jordan,SEA,LAX,business,business,3
Lucile,Mathis,SEA,LAX,first,first,3
Mabelle,Abbott,SEA,LAX,business,business,10
Carl,Weaver,SEA,LAX,economy,economy,1
Bertie,Ramirez,SEA,LAX,economy,economy,10
Justin,Moore,DCA,PDX,business,business,8
Mike,Casey,DCA,PDX,business,business,4
Lura,Grant,DCA,PDX,first,first,1
Connor,Mathis,DCA,PDX,economy,economy,6
Joseph,Carroll,DCA,PDX,first,first,7
Myrtie,Adkins,DCA,PDX,business,business,10
Carl,Aguilar,DCA,PDX,first,first,4
Winifred,Maldonado,DCA,PDX,economy,economy,3
Jordan,Meyer,DCA,PDX,business,business,1
Catherine,Powell,DCA,PDX,business,business,9
Earl,McKinney,DCA,PDX,business,business,5
Douglas,Jimenez,DCA,PDX,business,business,4
Pamela,Cooper,LAX,BOS,business,business,0
Ralph,Price,LAX,BOS,economy,economy,7
Dominic,Zimmerman,LAX,BOS,business,business,8
Leonard,Williams,LAX,BOS,economy,economy,9
Lula,Duncan,LAX,BOS,economy,economy,6
Timothy,Hunt,LAX,BOS,business,business,10
Johnny,Newton,LAX,BOS,business,business,7
Lena,Moran,LAX,BOS,economy,economy,3
Virginia,Sharp,LAX,BOS,first,first,8
Logan,Chapman,LAX,BOS,first,first,7
Ethan,Cunningham,LAX,BOS,first,first,10
Christopher,Morris,DCA,LGA,business,business,2
Phillip,Powell,DCA,LGA,first,first,3
Darrell,Hammond,DCA,LGA,business,business,3
Chad,Barber,DCA,LGA,economy,economy,7
Elmer,Barnett,DCA,LGA,economy,economy,4
Marian,Olson,DCA,LGA,business,business,2
Linnie,Powell,DCA,LGA,business,business,8
Jared,Ramirez,DCA,LGA,economy,economy,3
Roxie,Glover,DCA,LGA,economy,economy,3
Devin,Simon,DCA,LGA,first,first,7
Sue,Massey,DCA,LGA,first,first,7
Amanda,Herrera,DCA,LGA,business,business,8
Charlotte,Chambers,DCA,LGA,first,first,4
Vernon,Adams,DCA,LGA,economy,economy,3
William,James,EWR,MIA,first,first,1
Virginia,Rice,EWR,MIA,business,business,3
Glenn,Rose,EWR,MIA,economy,economy,4
Andre,Gonzalez,EWR,MIA,business,business,2
Myrtie,Rios,EWR,MIA,business,business,7
Marian,Allison,EWR,MIA,economy,economy,3
Myra,McDonald,EWR,MIA,first,first,7
Shawn,Freeman,EWR,MIA,economy,economy,6
Kathryn,Sparks,EWR,MIA,business,business,3
Alvin,Gardner,EWR,MIA,economy,economy,4
Ivan,Walters,EWR,MIA,first,first,8
Lester,Cooper,EWR,MIA,business,business,10
Evan,Frank,EWR,MIA,business,business,7
Daniel,Walker,DFW,LAX,first,first,6
Minerva,Strickland,DFW,LAX,first,first,7
May,Duncan,DFW,LAX,business,business,5
Mike,Flores,DFW,LAX,economy,economy,7
Lewis,Rodriquez,DFW,LAX,business,business,6
Florence,Curry,DFW,LAX,first,first,6
William,Zimmerman,DFW,LAX,economy,economy,9
Joe,Cain,DFW,LAX,economy,economy,7
Christian,Lawson,DFW,LAX,business,business,5
Winifred,Ward,DFW,LAX,economy,economy,6
Alexander,Guerrero,DFW,LAX,first,first,6
Douglas,Miller,LAS,EWR,business,business,0
Dora,Summers,LAS,EWR,first,first,3
Harriet,Sullivan,LAS,EWR,first,first,8
Lola,Gross,LAS,EWR,first,first,3
Marion,Cohen,LAS,EWR,first,first,1
Theresa,Vargas,LAS,EWR,economy,economy,8
Miguel,Keller,LAS,EWR,first,first,3
Nannie,Dixon,LAS,EWR,business,business,8
Amelia,Farmer,LAS,EWR,economy,economy,10
Herman,Cooper,LAS,EWR,first,first,9
Angel,Lopez,LAS,EWR,economy,economy,5
Michael,Rogers,JFK,DEN,first,first,3
Harry,Lopez,JFK,DEN,business,business,10
Maria,Hopkins,JFK,DEN,first,first,10
Nathaniel,Fields,JFK,DEN,business,business,9
Lela,Ruiz,JFK,DEN,business,business,9
Cecilia,Alexander,JFK,DEN,economy,economy,3
Sue,Reid,JFK,DEN,first,first,9
Alejandro,Murphy,JFK,DEN,economy,economy,5
Roxie,Norton,JFK,DEN,first,first,5
Charlie,Collins,JFK,DEN,first,first,4
Austin,Mendez,JFK,DEN,business,business,5
Delia,Fields,JFK,DEN,first,first,5
Lou,Hardy,JFK,DEN,business,business,1
Scott,Coleman,CLT,SLC,economy,economy,6
Tom,Hudson,CLT,SLC,business,business,2
Glenn,Zimmerman,CLT,SLC,first,first,6
Max,Mathis,CLT,SLC,business,business,7
Effie,Medina,CLT,SLC,first,first,5
Brent,Santiago,CLT,SLC,economy,economy,3
Juan,Payne,CLT,SLC,first,first,6
Paul,Waters,CLT,SLC,business,business,4
Jason,Ballard,CLT,SLC,first,first,9
Patrick,Daniels,CLT,SLC,economy,economy,6
Luis,Tate,CLT,SLC,economy,economy,3
Jon,Alexander,CLT,SLC,business,business,10
Alice,Parker,DEN,LAS,first,first,8
Matthew,Black,DEN,LAS,economy,economy,4
Mamie,Goodman,DEN,LAS,economy,economy,5
Viola,Becker,DEN,LAS,first,first,7
Albert,Miller,DEN,LAS,economy,economy,1
Adeline,Hale,DEN,LAS,first,first,7
Marian,Lewis,DEN,LAS,business,business,2
Timothy,Welch,DEN,LAS,first,first,10
Delia,Alexander,DEN,LAS,business,business,8
Eula,Gross,DEN,LAS,economy,economy,4
Ronald,Townsend,DEN,LAS,first,first,3
Emily,Saunders,DEN,LAS,economy,economy,9
Sandra,Kelly,SAN,EWR,business,business,10
Iva,Bowman,SAN,EWR,economy,economy,9
Micheal,Garza,SAN,EWR,economy,economy,8
Don,Joseph,SAN,EWR,first,first,10
Nannie,James,SAN,EWR,economy,economy,1
Connor,Santiago,SAN,EWR,economy,economy,4
Mina,Meyer,SAN,EWR,economy,economy,7
Georgie,Banks,SAN,EWR,business,business,2
Ricky,Baldwin,SAN,EWR,business,business,3
Jennie,Beck,SAN,EWR,economy,economy,2
Maud,Hubbard,SAN,EWR,business,business,5
Andrew,Mason,SAN,EWR,economy,economy,9
Logan,Craig,SAN,EWR,economy,economy,1
Leon,Garner,SAN,EWR,first,first,3
Hannah,Santiago,SAN,EWR,economy,economy,7
Brent,Munoz,SAN,EWR,business,business,3
Emily,Diaz,ORD,ATL,first,first,10
Ada,Mathis,ORD,ATL,economy,economy,4
Annie,Hall,ORD,ATL,business,business,3
Gregory,Underwood,ORD,ATL,first,first,8
Alberta,Walters,ORD,ATL,business,business,10
Cory,Holt,ORD,ATL,business,business,10
Lilly,Lyons,ORD,ATL,first,first,5
Sara,Freeman,ORD,ATL,first,first,8
Clifford,Hunt,ORD,ATL,first,first,10
Charles,Strickland,ORD,ATL,first,first,3
Estelle,Watkins,ORD,ATL,economy,economy,6
Richard,Lee,ATL,DCA,first,first,1
Tommy,Harrison,ATL,DCA,first,first,2
Nathaniel,Jones,ATL,DCA,first,first,10
Franklin,Summers,ATL,DCA,first,first,7
Louisa,Hunter,ATL,DCA,first,first,9
Angel,Lopez,ATL,DCA,economy,economy,9
Harry,Fitzgerald,ATL,DCA,economy,economy,6
Edith,Jefferson,ATL,DCA,economy,economy,10
Jennie,Byrd,ATL,DCA,business,business,3
Jon,Patterson,ATL,DCA,first,first,7
Chris,Campbell,ATL,DCA,business,business,7
Diane,Edwards,MDW,SFO,first,first,5
Eva,Maldonado,MDW,SFO,economy,economy,2
Bobby,Johnson,MDW,SFO,business,business,4
Walter,Powers,MDW,SFO,economy,economy,3
Mittie,Howell,MDW,SFO,business,business,8
Darrell,Haynes,MDW,SFO,first,first,10
Isabella,Foster,MDW,SFO,first,first,8
Mable,Harvey,MDW,SFO,first,first,9
Juan,Henry,MDW,SFO,first,first,6
Alice,Barnett,MDW,SFO,first,first,5
Bertha,Norris,MDW,SFO,economy,economy,3
Carlos,Frazier,MDW,SFO,first,business,4
Phoebe,Hunt,MDW,SFO,business,business,10
Donald,Anderson,LGA,BWI,economy,economy,3
Mitchell,Rodriquez,LGA,BWI,business,business,6
Violet,Valdez,LGA,BWI,first,first,7
Richard,Gill,LGA,BWI,economy,economy,1
Alejandro,Rowe,LGA,BWI,economy,economy,8
Chris,Goodman,LGA,BWI,economy,economy,8
Timothy,Rogers,LGA,BWI,business,business,2
Dennis,Carr,LGA,BWI,economy,economy,8
Inez,Banks,LGA,BWI,first,first,3
Callie,Schwartz,LGA,BWI,first,first,1
Bernard,Jensen,LGA,BWI,business,business,7
Jose,Morgan,SLC,LAX,business,business,3
Rhoda,Schneider,SLC,LAX,first,first,3
Teresa,Richardson,SLC,LAX,business,business,3
Rosetta,Bryant,SLC,LAX,economy,economy,10
Lily,Soto,SLC,LAX,first,first,5
Caroline,Ross,SLC,LAX,economy,economy,4
Nicholas,Jackson,SLC,LAX,first,first,1
Henrietta,Harris,SLC,LAX,first,first,9
Cordelia,Craig,SLC,LAX,economy,economy,10
Angel,Armstrong,SLC,LAX,economy,economy,10
Alvin,Townsend,SLC,LAX,first,first,9
Sally,Richardson,SLC,LAX,business,business,5
Danny,Briggs,SLC,LAX,business,business,8
Anne,Stewart,MCO,SAN,economy,economy,1
Hattie,Harrison,MCO,SAN,economy,economy,1
Verna,Williamson,MCO,SAN,first,first,3
Vera,Nelson,MCO,SAN,business,business,5
Daisy,Mullins,MCO,SAN,economy,economy,10
Julian,Hardy,MCO,SAN,business,business,10
Nina,Gutierrez,MCO,SAN,economy,economy,1
Carl,Weaver,MCO,SAN,economy,economy,5
Ruth,Green,MSP,MIA,economy,economy,3
Marc,Summers,MSP,MIA,first,first,9
Lulu,Pierce,MSP,MIA,economy,economy,4
Joseph,Long,MSP,MIA,business,business,10
Daniel,Hanson,MSP,MIA,economy,economy,5
Jeremy,Meyer,MSP,MIA,economy,economy,1
Joe,Zimmerman,MSP,MIA,first,first,3
Calvin,Norman,MSP,MIA,economy,economy,7
Jeffery,Roberts,MSP,MIA,business,business,1
Cornelia,Wong,MSP,MIA,economy,economy,1
Ethel,Santos,MSP,MIA,business,business,6
Kenneth,Collins,MSP,MIA,first,first,5
Judy,Alexander,SEA,SAN,business,business,3
Edgar,Pearson,SEA,SAN,economy,economy,7
Philip,Parks,SEA,SAN,first,first,6
Evelyn,Goodman,SEA,SAN,first,first,6
Richard,Townsend,SEA,SAN,economy,economy,5
Jared,Guzman,SEA,SAN,economy,economy,9
Harriett,Mann,SEA,SAN,first,first,3
Bessie,Crawford,SEA,SAN,business,business,7
Walter,Francis,SEA,SAN,first,first,8
Josie,Malone,SEA,SAN,first,first,4
Leonard,Nguyen,SEA,SAN,first,first,9
Eugenia,Bishop,SEA,SAN,economy,economy,6
Amy,Lynch,SEA,SAN,business,business,10
Cheryl,Carter,IAD,FLL,business,business,4
Lida,Burns,IAD,FLL,economy,economy,1
Elva,Lindsey,IAD,FLL,first,first,6
Tom,Crawford,IAD,FLL,business,business,1
Willie,Ellis,IAD,FLL,economy,economy,4
Calvin,Nelson,IAD,FLL,economy,economy,2
Garrett,Yates,IAD,FLL,economy,economy,7
Ruby,Armstrong,IAD,FLL,first,first,7
Amy,Smith,IAD,FLL,business,business,5
George,Perry,ORD,SLC,economy,economy,5
Myra,Shaw,ORD,SLC,first,first,4
Ellen,Edwards,ORD,SLC,business,business,2
Delia,Barber,ORD,SLC,business,business,8
Mittie,Pearson,ORD,SLC,economy,economy,5
Lillie,Fitzgerald,ORD,SLC,business,business,2
Nellie,Carter,ORD,SLC,first,first,4
Henrietta,Rice,ORD,SLC,business,business,4
Keith,Ramirez,HNL,FLL,business,business,9
Brett,Nelson,HNL,FLL,first,first,10
Ryan,Moran,HNL,FLL,economy,economy,6
Todd,Fernandez,HNL,FLL,business,business,3
Edward,Wade,HNL,FLL,economy,economy,10
Frank,Adkins,HNL,FLL,business,business,2
Jackson,James,HNL,FLL,business,business,9
Johnny,Johnson,LAS,IAD,first,first,3
Gary,Mullins,LAS,IAD,economy,economy,8
Mabel,Bryant,LAS,IAD,economy,economy,3
Bryan,Klein,LAS,IAD,economy,economy,4
Allie,Bowen,LAS,IAD,business,business,2
Steve,McCarthy,LAS,IAD,first,first,7
Leah,Parks,LAS,IAD,economy,economy,4
Eva,Mendez,LAS,IAD,first,first,4
Ian,Peterson,LAS,IAD,first,first,10
Ellen,Schmidt,LAS,IAD,business,business,9
Bettie,Sutton,LAS,IAD,economy,economy,5
Douglas,Ortiz,LAS,IAD,business,business,6
Charles,Nunez,LAS,IAD,business,business,4
Owen,Welch,LAS,IAD,business,business,9
Thomas,Peterson,TPA,SEA,economy,economy,6
Christopher,Wheeler,TPA,SEA,business,business,10
Rosalie,Greene,TPA,SEA,business,business,9
Lucas,Edwards,TPA,SEA,first,first,5
Mario,Fernandez,TPA,SEA,first,first,1
Claudia,Blake,TPA,SEA,economy,economy,6
Brian,Harris,JFK,HNL,first,first,5
Carl,Woods,JFK,HNL,first,first,10
Edwin,Morgan,JFK,HNL,first,first,2
Jane,Mills,JFK,HNL,first,first,8
Leah,Leonard,JFK,HNL,business,business,5
Timothy,French,JFK,HNL,economy,economy,5
Iva,Douglas,JFK,HNL,first,first,5
Myrtle,Rice,JFK,HNL,economy,economy,8
Blanche,Alvarez,JFK,HNL,economy,economy,1
Mark,Cortez,JFK,HNL,economy,economy,8
Lester,Hamilton,JFK,HNL,economy,economy,8
Gerald,Nelson,FLL,IAD,business,business,6
Charlotte,Oliver,FLL,IAD,business,business,2
Delia,West,FLL,IAD,first,first,10
Minerva,Ford,FLL,IAD,business,business,5
Rodney,Love,FLL,IAD,business,business,10
David,Romero,FLL,IAD,business,business,1
Polly,Robinson,FLL,IAD,business,business,2
Bernard,Colon,FLL,IAD,first,first,1
Randall,Reeves,FLL,IAD,business,business,9
Christian,Carr,FLL,IAD,economy,economy,8
Ophelia,Bryan,FLL,IAD,business,business,1
Mark,Sanders,DEN,ORD,economy,economy,2
Ina,Collier,DEN,ORD,business,business,8
Jeffrey,Hammond,DEN,ORD,first,first,9
Russell,George,DEN,ORD,first,first,9
Birdie,McKenzie,DEN,ORD,first,first,3
Frederick,Banks,DEN,ORD,business,business,6
Lida,Walsh,DEN,ORD,business,business,1
Louisa,Tyler,DEN,ORD,economy,economy,8
Vincent,Patterson,DEN,ORD,business,business,5
Gussie,Craig,DEN,ORD,business,business,1
Edgar,Shaw,DEN,ORD,economy,economy,7
Bonnie,Adams,HNL,EWR,business,business,1
Oscar,Murphy,HNL,EWR,first,first,2
Joseph,Yates,HNL,EWR,business,business,7
Gilbert,Cummings,HNL,EWR,business,business,4
Noah,Byrd,HNL,EWR,first,first,4
Mildred,Hall,MCO,PHL,business,business,2
Leo,Williamson,MCO,PHL,economy,economy,5
Chad,Reynolds,MCO,PHL,business,business,8
Jesse,Ramos,MCO,PHL,first,first,8
Christian,Torres,MCO,PHL,first,first,6
Marc,Andrews,MCO,PHL,business,business,6
Daisy,Banks,MCO,PHL,economy,economy,2
Elizabeth,Olson,MCO,PHL,business,business,8
Ellen,Quinn,MCO,PHL,first,first,8
Leah,McGuire,MCO,PHL,economy,economy,10
Shane,Pittman,MCO,PHL,first,first,3
Connor,Underwood,MCO,PHL,business,business,3
Isaac,Moore,MCO,PHL,first,first,2
Anne,Lopez,MCO,PHL,business,business,10
Fred,Cox,CLT,BWI,economy,economy,0
Nathaniel,Todd,CLT,BWI,economy,economy,9
Belle,Burton,CLT,BWI,business,business,8
Della,Curtis,CLT,BWI,business,business,7
Bess,Hunt,CLT,BWI,economy,economy,8
Ola,Mills,CLT,BWI,economy,economy,1
Dale,Bowen,CLT,BWI,first,first,7
Robert,Gregory,CLT,BWI,business,business,10
Luke,Riley,CLT,BWI,business,business,10
Louise,Colon,CLT,BWI,economy,economy,2
Vernon,Salazar,CLT,BWI,business,business,6
Joseph,Rivera,CLT,BWI,economy,economy,5
Susie,Hubbard,CLT,BWI,first,first,9
Matthew,Mitchell,CLT,BWI,economy,economy,9
Christopher,Coleman,CLT,BWI,economy,economy,8
Dylan,Brock,CLT,BWI,economy,economy,7
Elmer,McDaniel,CLT,BWI,economy,economy,1
Amy,Mason,CLT,BWI,first,first,5
Calvin,Crawford,CLT,BWI,business,business,10
Frances,Wilson,MDW,BWI,business,business,5
Mollie,Reed,MDW,BWI,economy,economy,4
Hulda,Hubbard,MDW,BWI,business,business,1
Corey,Sharp,MDW,BWI,business,business,2
Victor,Moody,MDW,BWI,economy,economy,8
Jared,Hamilton,MDW,BWI,business,business,9
Emily,Munoz,MDW,BWI,first,first,4
Ivan,Sanders,MDW,BWI,business,business,3
Max,Martinez,MDW,BWI,business,business,5
Ronald,Taylor,IAH,SAN,first,first,0
Frederick,Carroll,IAH,SAN,first,first,10
Estella,Walker,IAH,SAN,first,first,7
Rodney,Payne,IAH,SAN,economy,economy,2
Lucille,Sanchez,IAH,SAN,first,first,2
Clarence,Barker,IAH,SAN,economy,economy,10
Richard,Patrick,IAH,SAN,economy,economy,9
James,Dean,IAH,SAN,economy,economy,5
Bertha,Stephens,IAH,SAN,first,first,1
Eugene,Kelly,IAH,SAN,business,business,1
Marian,Roy,IAH,SAN,economy,economy,5
Maria,Wright,IAD,MSP,business,business,1
Louis,Alvarez,IAD,MSP,business,business,1
Helen,Wolfe,IAD,MSP,economy,economy,1
Olga,Howell,IAD,MSP,first,first,1
Milton,Holmes,IAD,MSP,business,business,6
Michael,Davidson,IAD,MSP,economy,economy,7
Rebecca,Strickland,IAD,MSP,economy,economy,4
Winifred,Cortez,IAD,MSP,economy,economy,7
Maude,Padilla,IAD,MSP,business,business,5
Rebecca,McBride,IAD,MSP,business,business,2
Lela,Anderson,IAD,MSP,business,business,4
Leona,Hansen,IAD,MSP,economy,economy,5
Shawn,King,IAD,MSP,business,business,5
Georgia,Perez,IAD,MSP,economy,economy,9
Jim,Green,IAD,MSP,economy,economy,4
Raymond,Tyler,IAD,MSP,first,first,1
Lloyd,Carter,IAD,MSP,first,first,7
Patrick,Bailey,MDW,LAX,first,first,4
Betty,Barnes,MDW,LAX,economy,economy,6
Danny,Quinn,MDW,LAX,economy,economy,10
Erik,Pope,MDW,LAX,business,business,5
Bettie,Huff,MDW,LAX,economy,economy,5
Cory,Fields,MDW,LAX,economy,economy,1
Katherine,Dawson,MDW,LAX,economy,economy,6
Mattie,McKinney,MDW,LAX,economy,economy,2
Lina,Lawrence,MDW,LAX,economy,economy,9
Alan,Mendoza,MDW,LAX,business,business,3
Rena,Pena,MDW,LAX,economy,economy,1
Hunter,Tran,MDW,LAX,economy,economy,2
Rachel,Sharp,MDW,LAX,economy,economy,7
Kathryn,Ward,CLT,DTW,economy,economy,9
Clara,Wagner,CLT,DTW,business,business,7
Francis,Spencer,CLT,DTW,business,business,4
Hannah,Stevens,CLT,DTW,first,first,5
Phillip,Ortiz,CLT,DTW,business,business,5
Chase,Washington,CLT,DTW,first,first,6
Mollie,King,CLT,DTW,first,first,5
Mark,Russell,CLT,DTW,first,first,4
Leo,Anderson,CLT,DTW,economy,economy,1
Eddie,Patrick,CLT,DTW,business,business,10
Jane,Powell,MIA,JFK,business,business,9
Ophelia,Beck,MIA,JFK,first,first,9
Millie,Evans,MIA,JFK,business,business,4
Evan,Mathis,MIA,JFK,first,first,7
Alberta,King,MIA,JFK,business,business,8
Viola,Nash,MIA,JFK,business,business,2
Kate,Massey,MIA,JFK,economy,economy,2
Marion,Pearson,MIA,JFK,first,first,4
Ella,Chambers,MIA,JFK,economy,economy,1
Ralph,Yates,MIA,JFK,economy,economy,4
Flora,Wheeler,MIA,JFK,business,business,2
Roy,Cook,MIA,JFK,business,business,3
Alberta,Hughes,MIA,JFK,first,first,5
Raymond,Collins,CLT,DCA,business,business,4
Jimmy,Hodges,CLT,DCA,first,first,1
Abbie,Smith,CLT,DCA,business,business,7
Millie,Fields,CLT,DCA,economy,economy,9
Lucinda,Estrada,CLT,DCA,business,business,1
Rachel,Stevenson,CLT,DCA,economy,economy,9
Terry,Lambert,CLT,DCA,first,first,3
Sophia,Campbell,CLT,DCA,first,first,5
Gary,Webb,CLT,DCA,first,first,8
Jeremy,Brown,CLT,DCA,business,business,2
Melissa,Jenkins,ORD,SLC,economy,economy,7
Teresa,Griffin,ORD,SLC,first,first,1
Nina,Schultz,ORD,SLC,economy,economy,9
Clayton,Clarke,ORD,SLC,economy,economy,2
Ivan,Cain,ORD,SLC,first,first,5
Eddie,Foster,ORD,SLC,first,first,10
Phoebe,McCoy,ORD,SLC,first,first,8
Juan,Riley,ORD,SLC,business,business,10
Helena,Hudson,ORD,SLC,first,first,1
Alexander,Harrison,ORD,SLC,first,first,1
George,Barnes,ORD,SLC,economy,economy,10
Julie,Torres,SFO,MDW,business,business,7
Jerome,Mullins,SFO,MDW,economy,economy,10
Barbara,Figueroa,SFO,MDW,economy,economy,1
Etta,Wade,SFO,MDW,business,business,3
Adele,Newton,SFO,MDW,business,business,2
Mable,Castillo,SFO,MDW,business,business,3
Victor,Griffin,SFO,MDW,business,business,9
Frederick,Murphy,SFO,MDW,business,business,5
Brett,Burns,SFO,MDW,business,business,4
Erik,Atkins,SFO,MDW,first,first,7
Steven,Vargas,SFO,MDW,economy,economy,8
Samuel,Fernandez,SFO,MDW,economy,economy,4
Mario,Hughes,SFO,MDW,business,business,4
Brandon,Rhodes,SFO,MDW,business,business,1
Virgie,Richardson,SFO,MDW,first,first,3
Rosie,Bryant,SFO,MDW,first,first,8
Kimberly,Russell,MDW,SEA,business,business,6
Myrtle,Gilbert,MDW,SEA,first,first,5
Billy,Figueroa,MDW,SEA,first,first,4
George,Newton,MDW,SEA,first,first,4
Stella,Day,MDW,SEA,economy,economy,4
Linnie,Nguyen,MDW,SEA,economy,economy,2
Gavin,Morrison,MDW,SEA,first,first,7
Fred,Wagner,MDW,SEA,first,first,5
Franklin,Hammond,MDW,SEA,business,business,3
Isabelle,Ball,MDW,SEA,business,business,1
Sara,Adkins,MDW,SEA,business,business,1
Susan,Reid,MDW,SEA,business,business,1
Walter,Martin,DCA,IAH,first,first,2
Luella,Stevenson,DCA,IAH,business,business,10
Alejandro,Bennett,DCA,IAH,economy,economy,4
Bobby,Barker,DCA,IAH,first,first,3
Augusta,Weber,DCA,IAH,first,first,7
Brett,Bennett,DCA,IAH,business,business,8
Vincent,Simon,DCA,IAH,first,first,9
Eugene,Matthews,DCA,IAH,business,business,9
Christian,Lucas,DCA,IAH,first,first,9
Vernon,Schultz,DCA,IAH,economy,economy,3
Tillie,Palmer,DCA,IAH,first,first,1
Alice,Nelson,DCA,IAH,first,first,6
David,Phillips,DTW,MDW,economy,economy,8
Bryan,Lyons,DTW,MDW,business,business,4
Bobby,Hodges,DTW,MDW,economy,economy,5
Nellie,Simon,DTW,MDW,economy,economy,6
Sara,Huff,DTW,MDW,business,business,9
Nell,Willis,DTW,MDW,economy,economy,2
Frank,Cross,DTW,MDW,business,business,4
Vernon,Schultz,DTW,MDW,business,business,3
Cody,Dean,DTW,MDW,first,first,1
Raymond,Fernandez,DTW,MDW,first,first,7
Terry,Robinson,PDX,SLC,first,first,3
Josie,Snyder,PDX,SLC,business,business,9
Myrtie,Davidson,PDX,SLC,economy,economy,6
Hilda,Blair,PDX,SLC,business,business,8
Jeremiah,Salazar,PDX,SLC,business,business,3
Lulu,Thornton,PDX,SLC,economy,economy,1
Eunice,Ortega,PDX,SLC,economy,economy,6
Pearl,Hamilton,PDX,SLC,economy,economy,10
Edith,Hanson,PDX,SLC,first,first,7
Harriett,Simmons,PDX,SLC,first,first,7
Jessica,Reed,SAN,MDW,business,business,1
Trevor,Alvarado,SAN,MDW,first,first,1
Aiden,Hodges,SAN,MDW,first,first,5
Marguerite,Stephens,SAN,MDW,business,business,2
Ryan,Jordan,SAN,MDW,first,first,2
Thomas,Lynch,SAN,MDW,economy,economy,6
Mina,Waters,SAN,MDW,business,business,6
Nina,Brewer,SAN,MDW,first,first,7
Mable,Drake,SAN,MDW,first,first,1
Gary,Burgess,SAN,MDW,business,business,8
Anna,Lopez,MSP,MDW,first,first,7
Chris,Hughes,MSP,MDW,first,first,9
Tom,Burke,MSP,MDW,economy,economy,8
Ollie,Allen,MSP,MDW,economy,economy,3
Vera,Hammond,MSP,MDW,first,first,6
Russell,Gross,MSP,MDW,first,first,9
Amelia,Paul,MSP,MDW,economy,economy,3
Jason,Lopez,MSP,MDW,business,business,8
Samuel,Long,HNL,LAS,business,business,7
Sue,Sullivan,HNL,LAS,first,first,4
Mario,Roberson,HNL,LAS,first,first,2
Eva,Adams,HNL,LAS,first,first,3
Adam,Reeves,HNL,LAS,business,business,5
Katherine,Edwards,HNL,LAS,first,first,9
Lida,Fernandez,HNL,LAS,first,first,5
Paul,Baker,SEA,TPA,economy,economy,1
Aaron,Marsh,SEA,TPA,first,first,3
Katherine,Mendoza,SEA,TPA,economy,economy,8
Lela,Chandler,SEA,TPA,business,business,9
Jean,Williams,SEA,TPA,business,business,8
Ryan,Carlson,SEA,TPA,first,first,4
Logan,Bass,SEA,TPA,economy,economy,6
Esther,Chandler,SEA,TPA,first,first,6
Juan,Hughes,JFK,BOS,business,business,5
Viola,Lucas,JFK,BOS,first,first,6
Nancy,Grant,JFK,BOS,business,business,2
Ivan,Reese,JFK,BOS,business,business,4
Loretta,Palmer,JFK,BOS,economy,economy,7
Katharine,Cannon,JFK,BOS,first,first,8
Jorge,McGuire,JFK,BOS,first,first,6
Edgar,Simon,JFK,BOS,first,first,5
Della,Glover,JFK,BOS,first,first,9
Tillie,McCormick,JFK,BOS,economy,economy,1
Steven,Newton,JFK,BOS,economy,economy,9
Eleanor,Banks,JFK,BOS,business,business,4
Lelia,Frazier,JFK,BOS,first,first,5
Charlie,Murray,JFK,BOS,first,first,4
Mae,Rogers,JFK,BOS,business,business,5
Noah,Parsons,JFK,BOS,first,business,3
Roy,Estrada,JFK,BOS,first,business,1
Manuel,Bradley,JFK,BOS,first,business,1
Zachary,Obrien,JFK,BOS,business,business,8
Joan,Murphy,CLT,JFK,economy,economy,0
Phoebe,Nichols,CLT,JFK,economy,economy,1
Jim,Sullivan,CLT,JFK,economy,economy,2
Julian,Potter,CLT,JFK,economy,economy,6
John,Becker,CLT,JFK,business,business,1
Pearl,Thomas,CLT,JFK,business,business,7
Gregory,George,CLT,JFK,economy,economy,1
Joel,Burton,CLT,JFK,economy,economy,7
Aiden,Rios,CLT,JFK,business,business,1
Clara,Richards,CLT,JFK,economy,economy,9
Duane,Ingram,CLT,JFK,first,first,3
Elva,Bishop,CLT,JFK,first,first,10
Louisa,Banks,CLT,JFK,economy,economy,1
Chris,Thompson,HNL,PHL,economy,economy,7
Lucinda,Schneider,HNL,PHL,business,business,3
Ernest,Norris,HNL,PHL,first,first,9
Rodney,Ross,HNL,PHL,economy,economy,2
Jeffrey,Holloway,HNL,PHL,business,business,8
Scott,Wong,HNL,PHL,first,first,3
Cory,Terry,HNL,PHL,first,first,2
Sam,Copeland,HNL,PHL,economy,economy,5
Ricardo,Nunez,HNL,PHL,economy,economy,8
Myrtie,Miller,HNL,PHL,first,first,4
Dollie,Yates,HNL,PHL,first,first,10
Jimmy,Bennett,PHX,MDW,business,business,9
Austin,Gardner,PHX,MDW,business,business,1
Estelle,Wilson,PHX,MDW,business,business,3
Stella,Rogers,PHX,MDW,first,first,7
Mario,Gross,PHX,MDW,first,first,5
Josie,Rice,PHX,MDW,business,business,6
Derrick,Boone,PHX,MDW,economy,economy,8
Randy,McGuire,PHX,MDW,first,first,9
Alejandro,Ortiz,PHX,MDW,first,first,6
Allen,Logan,PHX,MDW,first,first,6
Marc,Owen,PHX,MDW,economy,economy,9
Millie,Bradley,PHX,MDW,economy,economy,3
Nathaniel,Marshall,PHX,MDW,economy,economy,2
Elizabeth,Lewis,LAX,EWR,business,business,2
Bobby,Boone,LAX,EWR,business,business,6
Lucy,Walker,LAX,EWR,economy,economy,9
Mildred,Harris,LAX,EWR,economy,economy,6
Harriet,Elliott,LAX,EWR,first,first,4
Arthur,Newman,LAX,EWR,first,first,1
Bruce,Ball,LAX,EWR,economy,economy,6
Tillie,Stone,LAX,EWR,economy,economy,9
Willie,Meyer,LAX,EWR,first,first,2
Wanda,Rivera,FLL,JFK,economy,economy,5
Jeanette,Gonzalez,FLL,JFK,first,first,9
Victor,Willis,FLL,JFK,first,first,6
Christian,Paul,FLL,JFK,first,first,4
Bertha,Tran,FLL,JFK,first,first,2
Floyd,Phillips,FLL,JFK,first,first,1
Ora,Reynolds,FLL,JFK,first,first,4
Fannie,Thomas,FLL,JFK,first,first,6
Kevin,Buchanan,FLL,JFK,business,business,6
Howard,Wheeler,FLL,JFK,economy,economy,6
Ora,Watts,FLL,JFK,business,business,7
Blanche,Holt,FLL,JFK,economy,economy,5
Ruth,Morgan,FLL,JFK,economy,economy,7
Lottie,Pearson,FLL,JFK,economy,economy,2
Ruby,Washington,IAD,JFK,first,first,7
Lizzie,Osborne,IAD,JFK,economy,economy,9
Frank,Kim,IAD,JFK,first,first,4
Floyd,Hogan,IAD,JFK,first,first,9
Scott,Hopkins,IAD,JFK,economy,economy,9
Allie,Daniel,IAD,JFK,first,first,9
Frederick,Armstrong,IAD,JFK,business,business,2
Erik,Dean,IAD,JFK,business,business,1
Cody,Nelson,IAD,JFK,first,first,7
Hulda,Riley,IAD,JFK,first,first,4
Ralph,Gray,DCA,CLT,first,first,4
Ruby,Dennis,DCA,CLT,first,first,7
Annie,Shaw,DCA,CLT,business,business,4
Ann,Cannon,DCA,CLT,business,business,4
Anthony,Austin,DCA,CLT,first,first,1
Devin,Pena,DCA,CLT,first,first,6
Thomas,Yates,DCA,CLT,economy,economy,1
Ernest,Carson,DCA,CLT,first,first,3
Max,Gross,DCA,CLT,economy,economy,6
Josie,Park,DCA,CLT,economy,economy,9
Zachary,Wallace,DCA,CLT,first,first,3
